{
    "label-text-color": "#3C3C3C",
    "inactive-label-text-color": "darken(#DCDCDC, 17%)",
    "label-font-family": "'RobotoLight', sans-serif",
    "off-handle-box-background-color": "lighten(#FBFBFB, 0.8%)",
    "on-handle-box-background-color": "#00ABF0",
    "inactive-handle-box-background-color": "#DCDCDC",
    "off-handle-box-border-color": "darken(#FBFBFB, 20%)",
    "on-handle-box-border-color": "darken(#00ABF0, 11.2%)",
    "handle-background-color": "#FFFFFF",
    "handle-shadow-color": "rgba(0, 0, 0, 0.2)",
    "inactive-handle-background-color": "darken(#DCDCDC, 8%)",
    "on-text-color": "#FFFFFF",
    "off-text-color": "#3C3C3C",
    "handle-box-label-font-family": "'RobotoLight', sans-serif"
}