{
    "label-text-color": "@color-9",
    "inactive-label-text-color": "@color-15",
    "label-font-family": "@font-family-1",
    "off-handle-box-background-color": "@color-23",
    "on-handle-box-background-color": "@color-4",
    "inactive-handle-box-background-color": "@color-5",
    "off-handle-box-border-color": "@color-19",
    "on-handle-box-border-color": "@color-24",
    "handle-background-color": "@color-3",
    "handle-shadow-color": "@color-11",
    "inactive-handle-background-color": "@color-25",
    "on-text-color": "@color-3",
    "off-text-color": "@color-9",
    "handle-box-label-font-family": "@font-family-1"
}