{
    "label-font-family" : "@font-family-2",
    "border-color": "@color-5",
    "header-border-color": "@color-4",
    "table-body-border-color": "@color-55",
    "table-row-border-color": "@color-5",
    "highlight-table-row-background-color": "@color-56",
    "text-filter-element-border-color": "@color-5",
    "hightlight-text-filter-element-border-color": "@color-4",
    "text-filter-element-text-color": "@color-19",
    "highlight-text-filter-element-text-color": "@color-47",
    "selection-checkbox-shadow-color": "@color-11",
    "header-selection-checkbox-border-color": "@color-3",
    "sort-icon": "url('../pics/system/controls/complex-table2/arrow_up_black.svg')",
    "checkbox-checked": "url('../pics/system/controls/complex-table2/cross.svg')",
    "checkbox-header-checked": "url('../pics/system/controls/complex-table2/cross.svg')",
    "checkbox-square": "url('../pics/system/icons/checkbox_black.svg')",
    "table-header-font-family" : "@font-family-3",
    "table-filters-value-font-family" : "@font-family-2",
    "quicksearch-clear-image": "url('../pics/system/icons/cross.svg')",
    "loading-overlay-background": "@color-37",
    "loading-overlay-opacity": "0.2"
}
