{
    "slider-track-background-color": "@color-54",
    "slider-track-shadow-color": "transparent",
    "slider-handle-background-color": "@color-6",
    "slider-handle-shadow-color": "transparent",
    "buttons-background-color": "transparent",
    "highlight-buttons-background-color": "transparent",
    "buttons-shadow-color": "transparent",
    "highlight-buttons-shadow-color": "transparent",
    "minimized-scrollbar-background-color": "@color-26",
    "button-up-image": "@image-4",
    "button-down-image": "@image-5"
}