{
    "value-background-color": "lighten(#353535, 2.8%)",
    "highlight-value-border-color": "#00ABF0",
    "value-border-color": "#919191",
    "value-text-color": "#FFFFFF",
    "unit-text-color": "#DCDCDC",
    "label-text-color": "#FFFFFF",
    "value-selection-background-color": "#00ABF0",
    "value-selection-text-color": "#FFFFFF",
    "label-font-family": "'RobotoLight', sans-serif",
    "value-font-family": "'RobotoLight', sans-serif",
    "unit-font-family": "'RobotoLight', sans-serif",
    "inactive-value-background-color": "lighten(#3C3C3C, 24.4%)",
    "inactive-value-border-color": "lighten(#353535, 2.8%)",
    "inactive-label-text-color": "darken(#DCDCDC, 17%)",
    "inactive-value-text-color": "darken(#DCDCDC, 17%)",
    "inactive-unit-text-color": "darken(#DCDCDC, 17%)"
}