{
    "icon-next": "../pics/system/controls/iq-button-rocker/arrow_up_black.svg",
    "icon-previous": "../pics/system/controls/iq-button-rocker/arrow_down_black.svg",
    "icon-next-hover": "../pics/system/controls/iq-button-rocker/arrow_up_white.svg",
    "icon-previous-hover": "../pics/system/controls/iq-button-rocker/arrow_down_white.svg",
    "icon-next-inverted": "../pics/system/controls/iq-button-rocker/arrow_up_white.svg",
    "icon-previous-inverted": "../pics/system/controls/iq-button-rocker/arrow_down_white.svg"
}