{
    "background-color": "lighten(#353535, 2.8%)",
    "text-color": "#FFFFFF",
    "highlight-text-color": "#00ABF0",
    "shadow-color": "rgba(0, 0, 0, 0.2)",
    "box-border-color": "#FFFFFF",
    "highlight-box-border-color": "#00ABF0",
    "handle-fill-color": "#FFFFFF",
    "handle-stroke-color": "#FFFFFF",
    "highlight-handle-fill-color": "#00ABF0",
    "highlight-handle-stroke-color": "#00ABF0",
    "inactive-background-color": "lighten(#3C3C3C, 24.4%)",
    "inactive-box-border-color": "darken(#DCDCDC, 17%)",
    "inactive-handle-fill-color": "darken(#DCDCDC, 17%)",
    "inactive-handle-stroke-color": "darken(#DCDCDC, 17%)",
    "inactive-text-color": "darken(#DCDCDC, 17%)"
}